CNPE;Taux_redevance;N_sim;NPV_mean_M€;NPV_median_M€;NPV_std_M€;NPV_SE_M€;NPV_2.5_percentile_M€;NPV_97.5_percentile_M€;Probability_NPV_positive;ROI_mean;ROI_std;CAPEX;OPEX;REDEVANCE;LOSS_PROD
Nogent;60;10000;-27.453431781793675;-32.81570485867276;71.30053453796977;0.7130053453796976;-150.91589121575805;138.7642547008347;0.3032;-0.13359032846891833;0.804197983250448;100.72908066591003;1.1957806627381882;0.044352;0.45263303744262856
Nogent;560;10000;-23.75761871881832;-28.871785440107498;72.04457042190027;0.7204457042190028;-149.18131057522453;145.91346252465183;0.3272;-0.08523595241784292;0.8290434185325307;101.07247163791368;1.1903981431739643;0.413952;0.4473451121829912
Nogent;1060;10000;-17.538964046608754;-24.049108119636678;73.50994709325784;0.7350994709325783;-143.55174816790074;155.4338414117878;0.3557;-0.017472346418853864;0.8755448079794681;100.15742621791293;1.1749815668932;0.783552;0.45115290668108615
Nogent;1560;10000;-11.940928546192163;-18.48850068906459;74.51066969394692;0.7451066969394693;-140.82041986239312;163.87946570589617;0.3912;0.04454617846476022;0.8856159060628491;100.10298968823399;1.1850558655448635;1.153152;0.4501715847158896
Nogent;2060;10000;-8.157391534258275;-15.556393006155375;75.80307427434128;0.7580307427434129;-135.92098672195291;168.82560942844628;0.409;0.09254998349164964;0.9232546420472967;100.57358318458017;1.1867532564153334;1.522752;0.45124391254616253
Nogent;2560;10000;-3.300529116355843;-10.920474106256112;77.19470182758974;0.7719470182758974;-135.869979646997;178.9885522114839;0.4354;0.1473984763370231;0.9438894658540472;100.12591303171489;1.184192065978416;1.892352;0.4513422277210086
Nogent;3060;10000;2.450335203263124;-6.243716158563916;80.22755868165875;0.8022755868165875;-131.55843119201128;195.46906323488656;0.4617;0.2144680586788782;0.9944989328358321;100.2311937690884;1.1774445172249408;2.261952;0.4513437144956499
Nogent;3560;10000;6.918689166229867;-2.7971231542955453;80.56956032742963;0.8056956032742962;-126.88822163461239;202.87392745207003;0.483;0.26042866730693054;1.0250243097777934;100.01420785853954;1.1867919946670311;2.631552;0.4492189471986173
Nogent;4060;10000;9.999875467432496;0.6464638045857921;81.54406219378038;0.8154406219378038;-125.19556070592964;209.55410103820665;0.5039;0.3056743526520231;1.0558707531896057;100.52868828422014;1.1923242425434963;3.001152;0.4495743727582864
Nogent;4560;10000;16.929300421568474;6.584689413253181;84.76346915343827;0.8476346915343828;-122.12883498396901;225.48736536698854;0.5382;0.3866324863074914;1.1003181418850885;100.51953809622965;1.1898592507515007;3.370752;0.4517895963374778
Nogent;5060;10000;21.132454813870552;8.832834548277736;85.01706461074788;0.8501706461074787;-116.67245068659498;226.1415744188313;0.5544;0.42708138630917536;1.1108172922373993;100.3046034137319;1.1880916396109054;3.740352;0.4501884005943433
Nogent;5560;10000;25.984261761344907;14.691129232216419;86.96431768968;0.8696431768967999;-115.69925499091752;236.66206188401145;0.5835;0.4878106210120067;1.1331630959558587;100.48299643663755;1.1970047060245261;4.109952;0.453197818236425
Nogent;6060;10000;30.485320639287515;16.82227575110829;89.49840558210184;0.8949840558210184;-112.82592064157123;251.22552400873107;0.5961;0.5524534659428967;1.2158576807000607;99.56330157661296;1.1866217211896577;4.479552;0.4489874158513127
Nogent;6560;10000;36.112522417997425;21.98594037785136;91.09093534884714;0.9109093534884714;-107.67250645045517;261.35311296862113;0.6163;0.6061797604603089;1.2331838446379866;100.40355569097692;1.1909110825045235;4.849152;0.45220863297864766
Nogent;7060;10000;38.973279670133074;25.185101890527257;91.01728181881353;0.9101728181881352;-103.82424739987633;264.78645248674786;0.6356;0.6294770485314216;1.2116102189580373;100.43301478552155;1.1860355298270258;5.218752;0.44898200131807287
Nogent;7560;10000;45.00819855808019;29.586570362704077;94.4571636862714;0.944571636862714;-100.90296855857864;277.56289180770824;0.6578;0.7175148098144736;1.3041677071903397;100.09284668827559;1.1864890016594642;5.588352;0.45011594613979694
Nogent;8060;10000;49.94670824874994;33.568014994363416;95.7862439769713;0.9578624397697131;-98.75267165548678;286.87944411496056;0.6755;0.767793017196268;1.3178162742445894;100.03494480484291;1.1768096084186703;5.957952;0.45249418475755976
Nogent;8560;10000;54.562332773095214;39.24362631872067;96.30684080788079;0.9630684080788079;-94.53414128342288;295.51577112703;0.7015;0.810720084898544;1.322405149459966;100.03313813329063;1.1798288413868039;6.327552;0.4505819816415103
Nogent;9060;10000;58.87939454445405;39.839007631560506;100.80464777261295;1.0080464777261295;-93.3108871918821;312.057963826144;0.7061;0.8750049819850999;1.4191670665188307;100.54698852808727;1.1907048905785171;6.697152;0.4500907540083307
Nogent;9560;10000;63.561168417160324;47.16099395490885;100.20490734340534;1.0020490734340533;-91.52212964737704;314.1642764760636;0.7311;0.9267577868220127;1.414151832684368;100.07075317300394;1.1765094100672544;7.066752;0.45312983350570535
Nogent;10060;10000;69.29217340011427;50.138742201238934;102.56557477065614;1.0256557477065613;-85.66972020865046;325.479205715273;0.7504;0.9814474255939478;1.4291357620419711;100.20901895256482;1.1792450025584467;7.436352;0.4488009259270483
Nogent;10560;10000;72.86833268929442;53.89078215615719;103.20328526300796;1.0320328526300795;-82.96933976096253;326.7114084732247;0.7628;1.028316585113648;1.457955371403433;100.39175206315896;1.1893459370568609;7.805952;0.44976832654246107
Nogent;11060;10000;77.0582792186916;55.850322642996716;107.18363157363763;1.0718363157363762;-82.12967113998965;347.58143242031997;0.7694;1.0831542028427457;1.5293412296532907;100.83440538278519;1.1832934472868317;8.175552;0.45005377036939015
Nogent;11560;10000;81.97107357003645;60.451893700496846;108.77443238581925;1.0877443238581928;-79.98866582032281;352.64597737916506;0.7844;1.1331787625885912;1.5435490247538108;100.76379308368817;1.1859066962747085;8.545152;0.4515447617377356
Nogent;12060;10000;85.18172951238756;63.60832960909675;107.21836800266652;1.072183680026665;-75.55519694546129;350.1537534701937;0.7996;1.1585602193508753;1.5144645103262542;100.51719332030507;1.1795681226076016;8.914752;0.4491150405036181
Nogent;12560;10000;91.90489422344955;69.84423113819284;111.23298022200102;1.11232980222001;-71.9095682562342;365.7883891313396;0.8119;1.2498439998457684;1.6004492124089233;100.40047594155175;1.177782727722932;9.284352;0.4481420758219062
Nogent;13060;10000;97.00456435265598;73.2619765379149;113.79718653257034;1.1379718653257034;-71.00033676620123;379.3489802622958;0.8238;1.3050027006778968;1.6303253198989693;100.39443734848612;1.182899743594232;9.653952;0.4484850587552175
Nogent;13560;10000;101.39463839603793;77.30478309188473;115.58372914932104;1.1558372914932105;-68.03855455783591;389.50637143684486;0.8318;1.3582223699815916;1.6788823473891736;101.03919445536091;1.1806903196181049;10.023552;0.4492958294417231
Nogent;14060;10000;107.34659196307986;80.85009181971444;119.4958671562764;1.194958671562764;-65.34564572417644;408.7094852337068;0.8436;1.4366092373472008;1.7537802892148975;100.3866495498588;1.1842996986617436;10.393152;0.45006686035582616
Nogent;14560;10000;111.20077531463566;83.71551328455038;120.38649913680791;1.203864991368079;-62.43343187464293;412.7732042603614;0.8553;1.4647520407875805;1.7339912016761332;100.75341906394206;1.1876596187075235;10.762752;0.44836694262505444
Nogent;15060;10000;118.42169286252752;91.1171374444202;121.56463784759751;1.215646378475975;-54.52346553542527;421.1615969022482;0.869;1.5634314842565096;1.7978918087325004;99.75990816042696;1.1820178410737812;11.132352;0.4505614671368851
Nogent;15560;10000;121.29240050889726;92.96423536284978;122.87617356382282;1.2287617356382283;-56.89552217754062;427.53438594088465;0.8745;1.58328835095242;1.7814948793214112;100.3146095360415;1.1762294280121668;11.501952;0.448194261741055
Nogent;16060;10000;128.72430568800166;98.66065985703175;128.2089989590645;1.282089989590645;-53.37560570277703;447.3431924113365;0.8797;1.6860579417754302;1.9069165201561231;100.33628316552337;1.1854269117799305;11.871552;0.4507256287019547
Nogent;16560;10000;130.89012233055308;100.22233173374256;128.14037321659944;1.2814037321659943;-51.043335893888255;453.89701471435865;0.8887;1.702301096966902;1.8950184306880828;100.15482090777336;1.1904233811014189;12.241152;0.4499718551699399
Nogent;17060;10000;137.68677098723725;106.86298913335109;129.71017068776146;1.2971017068776145;-45.538289010371116;456.2275419800761;0.9026;1.789569287386191;1.9480577355835595;99.98100103835196;1.1855882374542672;12.610752;0.4474759204678058
Nogent;17560;10000;140.88712068505077;108.4436400609218;131.90735121482373;1.3190735121482373;-42.238347581121694;471.8000640997428;0.9091;1.804015918848186;1.9326145289302117;100.22735488916318;1.1775685101279083;12.980352;0.4493108287166121
Nogent;18060;10000;147.45889892457103;114.86160202615339;134.86576897575455;1.3486576897575455;-43.708278508353246;483.93298137490615;0.9128;1.886506293028302;2.001613047966707;100.69376272938706;1.1819705739148398;13.349952;0.452459475625958
Nogent;18560;10000;151.10734342080642;116.86078687829243;135.55735071260693;1.3555735071260695;-38.564651465006285;486.04038187457985;0.922;1.9285174051975065;2.0328140948527467;100.70409809579048;1.1849240619539883;13.719552;0.4500274305024618
Nogent;19060;10000;157.31774195386618;122.67174985953847;138.4679921684106;1.384679921684106;-35.05092878426053;501.5891313337737;0.9262;2.02029496007282;2.0937087366737823;100.02202020332223;1.1813090363093153;14.089152;0.4469205964525661
Nogent;19560;10000;162.71410294838284;128.21659001244612;140.8921416842901;1.408921416842901;-35.046050928349224;513.5647031697068;0.9334;2.086574102385488;2.1350981272622875;99.9868412338909;1.1753408431479335;14.458752;0.44988041167141524
Nogent;20060;10000;163.7192979302441;128.63004474954283;142.26490458281793;1.4226490458281795;-33.233982695933506;515.9602765587529;0.9303;2.090328082213261;2.143967205315046;100.46446028976641;1.1825267282525087;14.828352;0.45108494167250407
Nogent;20560;10000;169.2293383977635;133.21470054073453;143.63197800387772;1.4363197800387772;-28.73938646828625;524.6981625359681;0.9396;2.1422476973117655;2.13819235700258;100.42043354638703;1.1905661160488334;15.197952;0.44943634319728676
Nogent;21060;10000;174.49972777577923;137.48812229823235;144.78469516773367;1.4478469516773367;-22.494176645572974;528.6952225783864;0.9456;2.1935656169550266;2.1790865561944495;100.46648994659947;1.1903012734694167;15.567552;0.44946940503178734
Nogent;21560;10000;180.23977832846342;141.5928512546852;148.3479987189493;1.4834799871894928;-21.10487014961594;548.5813311576213;0.9496;2.272132560826244;2.242149764249791;100.10214495020007;1.185080406165999;15.937152;0.4499017132707959
Nogent;22060;10000;184.51775016573444;145.43780507356252;149.79146895404565;1.4979146895404565;-19.168442327570656;560.1724093608426;0.953;2.3162215294944275;2.242788237256879;100.17148347889267;1.1842938907274676;16.306752;0.44859009916118087
Nogent;22560;10000;185.1890989073481;145.14629014617807;151.01102068215198;1.5101102068215198;-18.078956621680714;563.5908095430289;0.9563;2.333272614658984;2.2758495812485036;100.36779953837335;1.1923337114173358;16.676352;0.4501474015750502
Nogent;23060;10000;195.59941397173344;154.16086097467002;155.03962681744383;1.5503962681744383;-14.887064768567356;579.7842926371266;0.9595;2.469806114439737;2.3793404477360824;99.94660644603138;1.1825326916066798;17.045952;0.45287010412026574
Nogent;23560;10000;198.242453262651;156.95956454027103;157.0101922038784;1.570101922038784;-11.699239096169249;590.1061875047569;0.964;2.499090198751523;2.4149662245989267;100.0431356861521;1.173368737040697;17.415552;0.45072162652297537
Nogent;24060;10000;205.49252567213856;162.31988159533387;160.68299646358162;1.6068299646358162;-6.694299193952473;603.8804883931642;0.9676;2.570113048964665;2.462845439460085;100.34134137004042;1.1927875928044827;17.785152;0.45241567713306413
Nogent;24560;10000;208.73666926598048;165.71128759622243;159.82111066851203;1.5982111066851203;-5.991489048358268;601.711190830307;0.9699;2.596161179963753;2.411745514259179;100.29238090380088;1.1791199716436616;18.154752;0.44832199522216143
Nogent;25060;10000;213.19351194458116;167.38668891094548;161.4717076452674;1.614717076452674;1.58919101754428;616.3090634322363;0.9767;2.667141586342746;2.4685272106404623;99.65024385370658;1.1653302065887656;18.524352;0.4497603702250541
Nogent;25560;10000;220.97936455929093;174.71089342854052;166.47819096068952;1.6647819096068952;-0.8063321259772057;632.6244769025075;0.974;2.7660894926894755;2.5681162885642452;99.90547799166207;1.1760443738657071;18.893952;0.45298780353018475
Nogent;26060;10000;224.61311787646474;177.50721314175976;168.94960173820033;1.6894960173820033;1.3299280945417695;645.2264762666966;0.976;2.8277438136469866;2.641141069540775;99.96550008172763;1.1719082372751917;19.263552;0.452137514676369
Nogent;26560;10000;230.87886064810317;181.85360513455308;169.38106522664793;1.6938106522664793;7.454703089491561;650.5504819050391;0.9804;2.877836682439118;2.63817960887002;99.87342484536698;1.1791034138223904;19.633152;0.4517712954717935
Nogent;27060;10000;234.09902594026045;185.71575989713787;171.56032894447316;1.7156032894447315;7.152949984639331;658.8099851384634;0.9801;2.9216144146580345;2.6620900305651793;100.1719084029458;1.1685680212418699;20.002752;0.4487295622696437
Nogent;27560;10000;238.14683662798828;189.6051125922635;172.09276811878118;1.7209276811878118;11.588142501533168;666.4444717697484;0.9827;2.9560955977676326;2.6653529708280157;100.26175859412974;1.1704542989449378;20.372352;0.4521248335379457
Nogent;28060;10000;244.90605868300366;193.12834088356342;177.12621224804928;1.7712621224804928;16.106476800751903;683.9706573135585;0.9855;3.0242965216011797;2.725502842948071;100.45837663225053;1.1753652002199801;20.741952;0.4510509881029935
Nogent;28560;10000;246.1547006379909;196.30061864705175;177.77029684267367;1.7777029684267365;12.582609943432606;687.7769600577079;0.9834;3.0432129621220256;2.745631948377709;100.96249795777894;1.196058996496117;21.111552;0.45116501945008225
Nogent;29060;10000;253.590195212733;200.9597044215216;179.48627113669386;1.7948627113669386;19.709272557722226;696.7120616805838;0.9879;3.149217617759718;2.7734893783897783;99.25384420010204;1.1714586150362558;21.481152;0.4485532025475662
Nogent;29560;10000;256.98917810860314;206.30876002540094;179.4060459296351;1.7940604592963512;22.984486186837042;697.2072941116049;0.9887;3.165720506106623;2.762415542493328;100.1447242611052;1.1825105969911265;21.850752;0.45111527744617863
Nogent;30060;10000;261.17937423727653;205.7304201396624;183.31468288183865;1.8331468288183865;27.10141890424438;721.1229304551388;0.9913;3.2093630278221337;2.8041679345711614;99.85737535509352;1.1807336399463033;22.220352;0.4488487236390834
Nogent;30560;10000;265.21489323238586;212.67401632206054;184.04308748923378;1.840430874892338;25.32253662814946;720.6728694599772;0.9908;3.2556959159513594;2.853958843932348;100.46471961368862;1.1819036090915374;22.589952;0.4508098377683588
Nogent;31060;10000;267.1366476962184;212.7460984082865;185.07582916199584;1.8507582916199583;29.693892452095994;732.3547679222036;0.9921;3.2635131430965134;2.8620250699241843;100.72132061127381;1.1946006253609567;22.959552;0.45140604568692555
Nogent;31560;10000;277.1532157894292;222.93529163413447;190.2450803824352;1.9024508038243522;29.391394523245218;741.7845360836358;0.9918;3.408225420208955;2.9536809173549665;100.11689715400479;1.1808449366056903;23.329152;0.4502636802145789
Nogent;32060;10000;281.9295839403411;225.522987061482;192.5327916239481;1.925327916239481;30.594634869829175;753.3518166773662;0.992;3.4430400754894612;2.923807602849238;100.3299615347775;1.1950255515049184;23.698752;0.4495945687632518
Nogent;32560;10000;285.25079819507516;228.7846406818045;193.52311504204494;1.9352311504204494;37.69994659608994;760.6120060500436;0.9938;3.483660699106069;2.9729562142963726;100.32345179745047;1.1844509303037996;24.068352;0.449253367271414
Nogent;33060;10000;291.77189921854745;229.0839696516623;198.57713256727348;1.9857713256727347;38.05453794225033;777.174497511571;0.993;3.5687969741244654;3.0777122022133416;100.475082520024;1.1991638202023158;24.437952;0.4492606032911523
Nogent;33560;10000;296.2636826722385;233.87707306327644;201.3364585680334;2.0133645856803337;41.66306335157177;789.048027740104;0.9944;3.6129760603489443;3.122810248406661;100.67727730098517;1.1953930936344819;24.807552;0.4482095146988177
Nogent;34060;10000;298.30661117985426;238.26325149091758;199.27365220984134;1.9927365220984135;46.032687936398354;797.4385430104733;0.996;3.623877072286515;3.0959039397868584;100.63786098735618;1.1908760659785138;25.177152;0.45061739606501944
Nogent;34560;10000;300.70219838968825;238.25099401756137;202.42708572759824;2.024270857275982;43.467411436817486;809.433580427983;0.9959;3.6700563005232527;3.1165123817065803;100.51877084606194;1.1840705048500426;25.546752;0.4473792494553441
Nogent;35060;10000;310.4314814852683;248.75859774449677;204.72546870240373;2.0472546870240373;48.38029118550576;816.3827428537876;0.9955;3.773187584564009;3.141577020935247;100.05134523748833;1.1892710185473103;25.916352;0.4504804264982358
Nogent;35560;10000;316.1855508588774;253.16707888050377;208.48613037916292;2.0848613037916293;48.777658896643466;832.0731618199738;0.9968;3.8601754719761927;3.2391704492363607;99.99310908037697;1.1729598850430167;26.285952;0.4490909182281147
Nogent;36060;10000;320.935460242546;251.5272385048894;213.02926039560242;2.130292603956024;52.62084945655844;839.3572828792845;0.997;3.8978061726774422;3.2664357833145097;100.11599035484547;1.183092955157742;26.655552;0.4506353820767497
Nogent;36560;10000;324.3699880634664;261.20839974068076;209.88559475473298;2.0988559475473294;57.18218576542928;846.0616965921332;0.9977;3.9440489540059818;3.277997517058774;100.17359652270122;1.177555180031087;27.025152;0.4475845351286241
Nogent;37060;10000;329.65169505362024;261.75954262464626;214.84769383293326;2.1484769383293325;60.09978597407161;857.2111596931582;0.9988;3.99842653160958;3.33140872136528;99.99109158442454;1.1779322247422106;27.394752;0.4522913457668149
Nogent;37560;10000;332.7000945479049;264.580659145116;216.16123719098815;2.1616123719098814;59.23327689898773;866.0374531074051;0.9984;4.036700513754151;3.359881741137757;100.51073845540725;1.189145545708082;27.764352;0.44829905204281123
Nogent;38060;10000;338.1287466466969;268.5322726256729;219.42645326944043;2.1942645326944046;64.57107463073926;878.328676498945;0.9987;4.130480882214705;3.4247002878368753;99.8432496800658;1.1787284318728422;28.133952;0.45016011946098033
Nogent;38560;10000;343.0782109655071;270.9318739076214;221.43566306418631;2.214356630641863;68.2141802357787;885.2424164119951;0.9986;4.136060128868653;3.403601049461259;100.5910484641389;1.189235485445611;28.503552;0.4499260921134464
Nogent;39060;10000;347.7134718310087;275.55265330558905;223.60376013276743;2.2360376013276744;69.51305032645112;904.2897197856001;0.9989;4.251757295275307;3.562249981934381;100.15220361749691;1.1935425036725775;28.873152;0.4480293780355553
Nogent;39560;10000;352.9394910570288;280.6373400267422;225.11244863452637;2.2511244863452635;72.53971478577117;903.6704224535812;0.9987;4.2596584006746365;3.5215790134016136;101.10080287493655;1.190937990680821;29.242752;0.45053200340889027
Nogent;40060;10000;360.95357586860166;287.75873123962833;229.54128959814793;2.2954128959814795;71.27187635155805;926.2654944338286;0.999;4.360904176880706;3.550308237040691;100.34707011415848;1.1814542906321754;29.612352;0.45314150705802503
Nogent;40560;10000;362.91182343923043;293.6605459094371;227.33266428544223;2.2733266428544225;77.53191535968718;928.5015743132749;0.9997;4.357229783796982;3.513270436569459;100.87561211714366;1.1889326564388176;29.981952;0.450645589314679
Nogent;41060;10000;369.154720442644;293.6286550310342;233.33736463317598;2.3333736463317596;76.67313481949974;937.0182135015779;0.9996;4.448962462158483;3.6024576421942793;100.66501398976821;1.192043748051441;30.351552;0.44789153780330937
Nogent;41560;10000;373.4818280554197;295.2121296199991;236.3426710981646;2.363426710981646;82.16817911761551;950.636698916786;0.9992;4.49900844167847;3.6606136222123773;100.83517541273069;1.1900773458973164;30.721152;0.4509949193000574
Nogent;42060;10000;380.84374191709605;302.1441092729628;237.22274865154617;2.372227486515462;84.54164449326;959.9232413772896;0.9993;4.608448559747888;3.6959352574411657;100.1354861769531;1.1798800645177148;31.090752;0.448961668530563
Nogent;42560;10000;380.07115960498356;300.8793679591798;239.38488535181605;2.3938488535181603;83.60160653020309;970.0372695171213;0.9999;4.554882628581168;3.7122922942346053;101.04930946769888;1.1940379601565594;31.460352;0.4500471017605613
Nogent;43060;10000;391.96189267751873;314.3076787276594;242.1611364349967;2.421611364349967;86.63678938062215;987.6133199542473;0.9996;4.74583384351664;3.8249967558761186;100.121432752794;1.178956904059328;31.829952;0.453400008138013
Nogent;43560;10000;393.2049402540204;312.8055523147708;243.9147264911962;2.4391472649119623;93.07110019593323;987.2696260553381;0.9999;4.704289548297427;3.758922258140258;100.76997999398702;1.1826716934079504;32.199552;0.4493539144205439
Nogent;44060;10000;395.97701123906046;314.01079286679936;245.08109922118064;2.4508109922118066;92.16801934705192;996.6146544962354;1.0;4.743594916137573;3.770041805410372;100.65591518369375;1.1850973917834504;32.569152;0.44749802275482986
Nogent;44560;10000;400.2977936081532;318.2231816287527;246.0866277621704;2.460866277621704;95.65262496321141;1002.9971965959888;0.9999;4.780918741374509;3.7927962175512535;100.80445671196412;1.190440747389702;32.938752;0.44933056495209583
Nogent;45060;10000;403.4149282594613;322.7367738112076;248.40153560442246;2.4840153560442246;97.07415129218897;1012.9155747508761;1.0;4.863851595222219;3.8939889084483466;100.54502654445733;1.190018108350651;33.308352;0.448239010192658
Nogent;45560;10000;408.4161307865762;325.4115661934868;250.3307833298482;2.503307833298482;98.35368691884945;1021.5031607730728;1.0;4.92896000694107;3.9446958452258643;100.31032533980454;1.183623399741013;33.677952;0.45065337457614163
